"Method","Miss","MNAR","MCAR","MAR","Iteration","Rows","Cols","Total_data","Result_diff","NRMSE"
"min",0.01,0,0.01,0,1,590,31,18290,0.162230325192645,3.54242925532377
"mean",0.01,0,0.01,0,1,590,31,18290,0.0129636420416842,1.00137946632605
"PPCA",0.01,0,0.01,0,1,590,31,18290,0.0136707776069273,1.02832827097717
"RF",0.01,0,0.01,0,1,590,31,18290,0.0135383073672598,1.02333387687562
"min",0.01,0.01,0,0,1,590,31,18290,0.0106737285193951,1.28892587684516
"mean",0.01,0.01,0,0,1,590,31,18290,0.131390500739045,4.5222217079939
"PPCA",0.01,0.01,0,0,1,590,31,18290,0.132545235496364,4.54205017083269
"RF",0.01,0.01,0,0,1,590,31,18290,0.133609364431146,4.56024646715229
"min",0.01,0,0,0.01,1,590,31,18290,0.203721352046938,6.57164000994932
"mean",0.01,0,0,0.01,1,590,31,18290,0.039943608916465,2.90990721014905
"PPCA",0.01,0,0,0.01,1,590,31,18290,0.0400220591541884,2.91276337337756
"RF",0.01,0,0,0.01,1,590,31,18290,0.0407850594855062,2.94039746851061
"min",0.01,0.005,0.005,0,1,590,31,18290,0.0857042203051541,1.66063398127341
"mean",0.01,0.005,0.005,0,1,590,31,18290,0.0644010490829944,1.43952525137427
"PPCA",0.01,0.005,0.005,0,1,590,31,18290,0.0657390312298539,1.45440201081013
"RF",0.01,0.005,0.005,0,1,590,31,18290,0.0656667974698745,1.45360274590856
"min",0.01,0,0.005,0.005,1,590,31,18290,0.182563191848521,4.65368167338646
"mean",0.01,0,0.005,0.005,1,590,31,18290,0.0355233046560229,2.05280049145601
"PPCA",0.01,0,0.005,0.005,1,590,31,18290,0.0359774132183817,2.06587970842756
"RF",0.01,0,0.005,0.005,1,590,31,18290,0.0367976888554879,2.08929773871087
"min",0.01,0.005,0,0.005,1,590,31,18290,0.180332364456245,2.70746134915298
"mean",0.01,0.005,0,0.005,1,590,31,18290,0.0474796107351018,1.38924550996519
"PPCA",0.01,0.005,0,0.005,1,590,31,18290,0.0474944811958222,1.38946304653677
"RF",0.01,0.005,0,0.005,1,590,31,18290,0.0491231640749011,1.41308599831666
"min",0.01,0.00333333333333333,0.00333333333333333,0.00333333333333333,1,590,31,18290,0.0601727526267349,1.58038169640137
"mean",0.01,0.00333333333333333,0.00333333333333333,0.00333333333333333,1,590,31,18290,0.0742086486724304,1.75504927101846
"PPCA",0.01,0.00333333333333333,0.00333333333333333,0.00333333333333333,1,590,31,18290,0.0736102155057147,1.7479584149772
"RF",0.01,0.00333333333333333,0.00333333333333333,0.00333333333333333,1,590,31,18290,0.0755857992203228,1.77125935270505
"min",0.05,0,0.05,0,1,590,31,18290,0.161100841967967,3.16324541908985
"mean",0.05,0,0.05,0,1,590,31,18290,0.0161663226300196,1.002050487247
"PPCA",0.05,0,0.05,0,1,590,31,18290,0.0176753571498231,1.04777511996695
"RF",0.05,0,0.05,0,1,590,31,18290,0.0166439836495602,1.01674635213662
"min",0.05,0.05,0,0,1,590,31,18290,0.0122612009393812,1.15924429179846
"mean",0.05,0.05,0,0,1,590,31,18290,0.0939571700157672,3.20902739678727
"PPCA",0.05,0.05,0,0,1,590,31,18290,0.0942911757627141,3.21472617807194
"RF",0.05,0.05,0,0,1,590,31,18290,0.0954584896633862,3.23456393962118
"min",0.05,0,0,0.05,1,590,31,18290,0.196716443687727,6.53228410953916
"mean",0.05,0,0,0.05,1,590,31,18290,0.0381897721617421,2.87818209258617
"PPCA",0.05,0,0,0.05,1,590,31,18290,0.0382345733554124,2.87986982454854
"RF",0.05,0,0,0.05,1,590,31,18290,0.0389980503491225,2.90848066403186
"min",0.05,0.025,0.025,0,1,590,31,18290,0.0772250229128013,1.57498205525279
"mean",0.05,0.025,0.025,0,1,590,31,18290,0.0534772596406547,1.31063318270675
"PPCA",0.05,0.025,0.025,0,1,590,31,18290,0.0540829353395694,1.31803430651569
"RF",0.05,0.025,0.025,0,1,590,31,18290,0.0544228638934363,1.3221699519094
"min",0.05,0,0.025,0.025,1,590,31,18290,0.160489307901593,3.0746526616665
"mean",0.05,0,0.025,0.025,1,590,31,18290,0.0170193211606973,1.00125368184277
"PPCA",0.05,0,0.025,0.025,1,590,31,18290,0.0176180583460063,1.01871342905629
"RF",0.05,0,0.025,0.025,1,590,31,18290,0.0178240325649236,1.02465105783515
"min",0.05,0.025,0,0.025,1,590,31,18290,0.153209858870963,2.11317401738726
"mean",0.05,0.025,0,0.025,1,590,31,18290,0.0578421173518322,1.29841641402567
"PPCA",0.05,0.025,0,0.025,1,590,31,18290,0.0584206701144091,1.30489381613637
"RF",0.05,0.025,0,0.025,1,590,31,18290,0.0588885957151944,1.31010922571201
"min",0.05,0.0166666666666667,0.0166666666666667,0.0166666666666667,1,590,31,18290,0.091716248520194,1.73593111384953
"mean",0.05,0.0166666666666667,0.0166666666666667,0.0166666666666667,1,590,31,18290,0.0535925736678364,1.32697167553066
"PPCA",0.05,0.0166666666666667,0.0166666666666667,0.0166666666666667,1,590,31,18290,0.053963713541639,1.33155852733979
"RF",0.05,0.0166666666666667,0.0166666666666667,0.0166666666666667,1,590,31,18290,0.0549564174494658,1.34375023419774
"min",0.01,0,0.01,0,1,590,42,24780,0.160172320060576,3.3586102483602
"mean",0.01,0,0.01,0,1,590,42,24780,0.0142114280164501,1.00042545971741
"PPCA",0.01,0,0.01,0,1,590,42,24780,0.0153267366769298,1.03894061346349
"RF",0.01,0,0.01,0,1,590,42,24780,0.0151732976365157,1.03372701041819
"min",0.01,0.01,0,0,1,590,42,24780,0.0126568667247204,1.28513988043012
"mean",0.01,0.01,0,0,1,590,42,24780,0.124282824990272,4.02710409319559
"PPCA",0.01,0.01,0,0,1,590,42,24780,0.124421176377239,4.02934495176542
"RF",0.01,0.01,0,0,1,590,42,24780,0.126579013033863,4.06413522612434
"min",0.01,0,0,0.01,1,590,42,24780,0.258753278433822,7.50970752898717
"mean",0.01,0,0,0.01,1,590,42,24780,0.0381675480300405,2.88421229118815
"PPCA",0.01,0,0,0.01,1,590,42,24780,0.0383670256731782,2.89173944617467
"RF",0.01,0,0,0.01,1,590,42,24780,0.0391136622443881,2.91974103413687
"min",0.01,0.005,0.005,0,1,590,42,24780,0.096547172643579,1.89391993225347
"mean",0.01,0.005,0.005,0,1,590,42,24780,0.0535179409529831,1.41007279181703
"PPCA",0.01,0.005,0.005,0,1,590,42,24780,0.0537589764029637,1.41324458520025
"RF",0.01,0.005,0.005,0,1,590,42,24780,0.0542528868117909,1.41972183165284
"min",0.01,0,0.005,0.005,1,590,42,24780,0.168362329601628,3.77486302423301
"mean",0.01,0,0.005,0.005,1,590,42,24780,0.0119457957427414,1.00550972757189
"PPCA",0.01,0,0.005,0.005,1,590,42,24780,0.0139019570632076,1.08471764676031
"RF",0.01,0,0.005,0.005,1,590,42,24780,0.0124750705279632,1.0275435534112
"min",0.01,0.005,0,0.005,1,590,42,24780,0.17158644607722,2.51160589892166
"mean",0.01,0.005,0,0.005,1,590,42,24780,0.0492920639997904,1.34616565668743
"PPCA",0.01,0.005,0,0.005,1,590,42,24780,0.0493673526613533,1.34719333062696
"RF",0.01,0.005,0,0.005,1,590,42,24780,0.0509731130421276,1.36892792769182
"min",0.01,0.00333333333333333,0.00333333333333333,0.00333333333333333,1,590,42,24780,0.156345546314567,2.60566736216849
"mean",0.01,0.00333333333333333,0.00333333333333333,0.00333333333333333,1,590,42,24780,0.0436375229039955,1.37659523158448
"PPCA",0.01,0.00333333333333333,0.00333333333333333,0.00333333333333333,1,590,42,24780,0.043899980090551,1.38072878065933
"RF",0.01,0.00333333333333333,0.00333333333333333,0.00333333333333333,1,590,42,24780,0.044941688803404,1.39701448794822
"min",0.05,0,0.05,0,1,590,42,24780,0.167330898890034,3.38134229740623
"mean",0.05,0,0.05,0,1,590,42,24780,0.0146506249532339,1.00052775479621
"PPCA",0.05,0,0.05,0,1,590,42,24780,0.0157769954122988,1.03827695494056
"RF",0.05,0,0.05,0,1,590,42,24780,0.0149698038359656,1.01136779394454
"min",0.05,0.05,0,0,1,590,42,24780,0.0099472111820871,1.26615837109134
"mean",0.05,0.05,0,0,1,590,42,24780,0.110789826373179,4.22558947754394
"PPCA",0.05,0.05,0,0,1,590,42,24780,0.110380538634765,4.21777701737143
"RF",0.05,0.05,0,0,1,590,42,24780,0.113317928324513,4.27352918879774
"min",0.05,0,0,0.05,1,590,42,24780,0.187165700961712,6.54412243611367
"mean",0.05,0,0,0.05,1,590,42,24780,0.0354137705195521,2.84658638562915
"PPCA",0.05,0,0,0.05,1,590,42,24780,0.0354312419890314,2.84728848418907
"RF",0.05,0,0,0.05,1,590,42,24780,0.0364542642162163,2.88810149960945
"min",0.05,0.025,0.025,0,1,590,42,24780,0.0723966067302219,1.50519713812479
"mean",0.05,0.025,0.025,0,1,590,42,24780,0.058250880451081,1.35016089540804
"PPCA",0.05,0.025,0.025,0,1,590,42,24780,0.058839720935651,1.35696791963987
"RF",0.05,0.025,0.025,0,1,590,42,24780,0.0598002014875989,1.36799843966105
"min",0.05,0,0.025,0.025,1,590,42,24780,0.167010461074414,3.26332307340786
"mean",0.05,0,0.025,0.025,1,590,42,24780,0.0156139693562549,0.997803207104764
"PPCA",0.05,0,0.025,0.025,1,590,42,24780,0.0167140820559816,1.03235603069774
"RF",0.05,0,0.025,0.025,1,590,42,24780,0.0164671268472236,1.02470097540841
"min",0.05,0.025,0,0.025,1,590,42,24780,0.106053212118483,1.78037624612879
"mean",0.05,0.025,0,0.025,1,590,42,24780,0.054209682806696,1.27288248590517
"PPCA",0.05,0.025,0,0.025,1,590,42,24780,0.0543456072887374,1.27447728931562
"RF",0.05,0.025,0,0.025,1,590,42,24780,0.0554465038681909,1.28732131876497
"min",0.05,0.0166666666666667,0.0166666666666667,0.0166666666666667,1,590,42,24780,0.0822336289034611,1.6679059599256
"mean",0.05,0.0166666666666667,0.0166666666666667,0.0166666666666667,1,590,42,24780,0.0560041664244078,1.37643910145435
"PPCA",0.05,0.0166666666666667,0.0166666666666667,0.0166666666666667,1,590,42,24780,0.0565922048678202,1.38364647178397
"RF",0.05,0.0166666666666667,0.0166666666666667,0.0166666666666667,1,590,42,24780,0.0572260352646791,1.39137328916841
"min",0.01,0,0.01,0,1,590,49,28910,0.160917880685101,3.26840651928904
"mean",0.01,0,0.01,0,1,590,49,28910,0.0150063980089793,0.998095612365524
"PPCA",0.01,0,0.01,0,1,590,49,28910,0.016402322899959,1.04348592291715
"RF",0.01,0,0.01,0,1,590,49,28910,0.0154428914288115,1.01250744448712
"min",0.01,0.01,0,0,1,590,49,28910,0.0104850061067631,1.09069764888759
"mean",0.01,0.01,0,0,1,590,49,28910,0.0989497044538143,3.35063625801914
"PPCA",0.01,0.01,0,0,1,590,49,28910,0.0998258100405598,3.36543691850801
"RF",0.01,0.01,0,0,1,590,49,28910,0.102128714113542,3.40403459387828
"min",0.01,0,0,0.01,1,590,49,28910,0.17014514193178,6.07498091450128
"mean",0.01,0,0,0.01,1,590,49,28910,0.0396621990910918,2.93307748567103
"PPCA",0.01,0,0,0.01,1,590,49,28910,0.0397893477884894,2.93777513959454
"RF",0.01,0,0,0.01,1,590,49,28910,0.0409787500591889,2.98136051115463
"min",0.01,0.005,0.005,0,1,590,49,28910,0.0986599230765878,1.68415720840878
"mean",0.01,0.005,0.005,0,1,590,49,28910,0.0625726146581859,1.34123350411243
"PPCA",0.01,0.005,0.005,0,1,590,49,28910,0.0632000970081817,1.34794171794394
"RF",0.01,0.005,0.005,0,1,590,49,28910,0.0639557979989192,1.35597662585979
"min",0.01,0,0.005,0.005,1,590,49,28910,0.163435560535064,3.31352387087858
"mean",0.01,0,0.005,0.005,1,590,49,28910,0.0150773045523443,1.00641865645226
"PPCA",0.01,0,0.005,0.005,1,590,49,28910,0.0160839797419062,1.03947388741173
"RF",0.01,0,0.005,0.005,1,590,49,28910,0.0154044855506678,1.01727980919238
"min",0.01,0.005,0,0.005,1,590,49,28910,0.20724855699799,2.44004557982667
"mean",0.01,0.005,0,0.005,1,590,49,28910,0.0571273431503958,1.28107393369896
"PPCA",0.01,0.005,0,0.005,1,590,49,28910,0.0568234053016374,1.27766150360032
"RF",0.01,0.005,0,0.005,1,590,49,28910,0.0576038470187751,1.28640561032802
"min",0.01,0.00333333333333333,0.00333333333333333,0.00333333333333333,1,590,49,28910,0.116794914458762,2.11162067069209
"mean",0.01,0.00333333333333333,0.00333333333333333,0.00333333333333333,1,590,49,28910,0.0448452830418516,1.3084656407754
"PPCA",0.01,0.00333333333333333,0.00333333333333333,0.00333333333333333,1,590,49,28910,0.0453401657119995,1.31566550962663
"RF",0.01,0.00333333333333333,0.00333333333333333,0.00333333333333333,1,590,49,28910,0.0458641310118951,1.32324579593066
"min",0.05,0,0.05,0,1,590,49,28910,0.160788578192011,3.1789370737069
"mean",0.05,0,0.05,0,1,590,49,28910,0.0159347100351261,1.00075188383721
"PPCA",0.05,0,0.05,0,1,590,49,28910,0.0165129360855251,1.01874733058607
"RF",0.05,0,0.05,0,1,590,49,28910,0.0162687898783734,1.01118812039898
"min",0.05,0.05,0,0,1,590,49,28910,0.0102739201325858,1.24805601432312
"mean",0.05,0.05,0,0,1,590,49,28910,0.104984754062416,3.98959767777319
"PPCA",0.05,0.05,0,0,1,590,49,28910,0.105373050415136,3.99696882640651
"RF",0.05,0.05,0,0,1,590,49,28910,0.107512670804407,4.03734451406799
"min",0.05,0,0,0.05,1,590,49,28910,0.204412013568214,6.34710325351366
"mean",0.05,0,0,0.05,1,590,49,28910,0.0388983345520089,2.76877623633057
"PPCA",0.05,0,0,0.05,1,590,49,28910,0.0389109824777141,2.76922633824802
"RF",0.05,0,0,0.05,1,590,49,28910,0.0392650332147604,2.78179639410319
"min",0.05,0.025,0.025,0,1,590,49,28910,0.07856514884068,1.73824508445763
"mean",0.05,0.025,0.025,0,1,590,49,28910,0.0501101141880498,1.38822140758887
"PPCA",0.05,0.025,0.025,0,1,590,49,28910,0.0507375932257025,1.39688602421855
"RF",0.05,0.025,0.025,0,1,590,49,28910,0.0512189333923094,1.40349641054331
"min",0.05,0,0.025,0.025,1,590,49,28910,0.161706468636098,3.09691992357201
"mean",0.05,0,0.025,0.025,1,590,49,28910,0.0169679685849587,1.00318540524162
"PPCA",0.05,0,0.025,0.025,1,590,49,28910,0.017474454584227,1.01804762290662
"RF",0.05,0,0.025,0.025,1,590,49,28910,0.0174899132668789,1.01849782854902
"min",0.05,0.025,0,0.025,1,590,49,28910,0.0786618900714477,1.41188430663464
"mean",0.05,0.025,0,0.025,1,590,49,28910,0.0600360039418202,1.23345358346646
"PPCA",0.05,0.025,0,0.025,1,590,49,28910,0.0602872817726107,1.23603216871643
"RF",0.05,0.025,0,0.025,1,590,49,28910,0.0607791415531498,1.24106407189585
"min",0.05,0.0166666666666667,0.0166666666666667,0.0166666666666667,1,590,49,28910,0.083283587144966,1.77060639583783
"mean",0.05,0.0166666666666667,0.0166666666666667,0.0166666666666667,1,590,49,28910,0.0499711051485697,1.37151889304944
"PPCA",0.05,0.0166666666666667,0.0166666666666667,0.0166666666666667,1,590,49,28910,0.0504219340138428,1.37769178006962
"RF",0.05,0.0166666666666667,0.0166666666666667,0.0166666666666667,1,590,49,28910,0.0511177261836515,1.38716486765839
"min",0.01,0,0.01,0,1,337,31,10447,0.145059350737566,2.95314461614153
"mean",0.01,0,0.01,0,1,337,31,10447,0.0163756106942304,0.992225999759335
"PPCA",0.01,0,0.01,0,1,337,31,10447,0.0191476925789396,1.07292675059554
"RF",0.01,0,0.01,0,1,337,31,10447,0.0170479916364966,1.01239143467123
"min",0.01,0.01,0,0,1,337,31,10447,0.0106606801426646,1.44425747712605
"mean",0.01,0.01,0,0,1,337,31,10447,0.164374947125071,5.67113493996176
"PPCA",0.01,0.01,0,0,1,337,31,10447,0.165589782518236,5.69205300852921
"RF",0.01,0.01,0,0,1,337,31,10447,0.169301237674502,5.75548908361675
"min",0.01,0,0,0.01,1,337,31,10447,0.16450226157846,5.86856112102809
"mean",0.01,0,0,0.01,1,337,31,10447,0.0344609919045816,2.68602210535785
"PPCA",0.01,0,0,0.01,1,337,31,10447,0.0344489312216669,2.68555203624421
"RF",0.01,0,0,0.01,1,337,31,10447,0.0365562094841838,2.76647197008328
"min",0.01,0.005,0.005,0,1,337,31,10447,0.0685225017088375,1.45234330744511
"mean",0.01,0.005,0.005,0,1,337,31,10447,0.0729268685508251,1.49829201629742
"PPCA",0.01,0.005,0.005,0,1,337,31,10447,0.0725586862842513,1.49450505416799
"RF",0.01,0.005,0.005,0,1,337,31,10447,0.074639861940425,1.51578671469782
"min",0.01,0,0.005,0.005,1,337,31,10447,0.145957893338872,3.3460006010048
"mean",0.01,0,0.005,0.005,1,337,31,10447,0.0129314291647001,0.99594529442275
"PPCA",0.01,0,0.005,0.005,1,337,31,10447,0.0131673267097629,1.0049883495341
"RF",0.01,0,0.005,0.005,1,337,31,10447,0.012971755822351,0.997497013144479
"min",0.01,0.005,0,0.005,1,337,31,10447,0.140989534961293,2.29363637150446
"mean",0.01,0.005,0,0.005,1,337,31,10447,0.0482015282564133,1.34110114042361
"PPCA",0.01,0.005,0,0.005,1,337,31,10447,0.0498685738059932,1.36409495212907
"RF",0.01,0.005,0,0.005,1,337,31,10447,0.0506228816511998,1.37437282508729
"min",0.01,0.00333333333333333,0.00333333333333333,0.00333333333333333,1,337,31,10447,0.0821511201394606,1.75095153978294
"mean",0.01,0.00333333333333333,0.00333333333333333,0.00333333333333333,1,337,31,10447,0.0585319984048345,1.47796468775462
"PPCA",0.01,0.00333333333333333,0.00333333333333333,0.00333333333333333,1,337,31,10447,0.057621979740421,1.46643044807632
"RF",0.01,0.00333333333333333,0.00333333333333333,0.00333333333333333,1,337,31,10447,0.0586450689504827,1.4793915452803
"min",0.05,0,0.05,0,1,337,31,10447,0.144894255476508,3.08282304485593
"mean",0.05,0,0.05,0,1,337,31,10447,0.0152358417556707,0.999669034252386
"PPCA",0.05,0,0.05,0,1,337,31,10447,0.0165453721927359,1.04174466149035
"RF",0.05,0,0.05,0,1,337,31,10447,0.0158884925384383,1.02085570497043
"min",0.05,0.05,0,0,1,337,31,10447,0.0114293559791664,1.04824123529465
"mean",0.05,0.05,0,0,1,337,31,10447,0.0866091468299941,2.88557416021729
"PPCA",0.05,0.05,0,0,1,337,31,10447,0.0877842250969686,2.90508336797387
"RF",0.05,0.05,0,0,1,337,31,10447,0.0884676127242114,2.91636927486198
"min",0.05,0,0,0.05,1,337,31,10447,0.18077791780971,5.96265344385384
"mean",0.05,0,0,0.05,1,337,31,10447,0.0395840817963536,2.79014752215539
"PPCA",0.05,0,0,0.05,1,337,31,10447,0.0396129493722146,2.79116472543741
"RF",0.05,0,0,0.05,1,337,31,10447,0.0410162650956357,2.84017391308229
"min",0.05,0.025,0.025,0,1,337,31,10447,0.0634104475590745,1.49087458393923
"mean",0.05,0.025,0.025,0,1,337,31,10447,0.0551981180316914,1.39098625073927
"PPCA",0.05,0.025,0.025,0,1,337,31,10447,0.0557970182426353,1.39851200054706
"RF",0.05,0.025,0.025,0,1,337,31,10447,0.0565424432793101,1.40782277702354
"min",0.05,0,0.025,0.025,1,337,31,10447,0.13977011619541,3.08413325988903
"mean",0.05,0,0.025,0.025,1,337,31,10447,0.0145944139902246,0.996596373494049
"PPCA",0.05,0,0.025,0.025,1,337,31,10447,0.0169304696662547,1.07339724123853
"RF",0.05,0,0.025,0.025,1,337,31,10447,0.0152050078649473,1.01723031968739
"min",0.05,0.025,0,0.025,1,337,31,10447,0.0797051685408398,1.61527444145139
"mean",0.05,0.025,0,0.025,1,337,31,10447,0.0492001865838792,1.26907256018887
"PPCA",0.05,0.025,0,0.025,1,337,31,10447,0.049498028054753,1.27290803464871
"RF",0.05,0.025,0,0.025,1,337,31,10447,0.0506654321486838,1.28783123632805
"min",0.05,0.0166666666666667,0.0166666666666667,0.0166666666666667,1,337,31,10447,0.0764493320637657,1.74184094076484
"mean",0.05,0.0166666666666667,0.0166666666666667,0.0166666666666667,1,337,31,10447,0.0488287673002997,1.39206503958481
"PPCA",0.05,0.0166666666666667,0.0166666666666667,0.0166666666666667,1,337,31,10447,0.048958753321763,1.39391670143313
"RF",0.05,0.0166666666666667,0.0166666666666667,0.0166666666666667,1,337,31,10447,0.0497297454995161,1.40484938208667
"min",0.01,0,0.01,0,1,337,42,14154,0.151377139262228,3.32795612028434
"mean",0.01,0,0.01,0,1,337,42,14154,0.0139156243191798,1.00901771799698
"PPCA",0.01,0,0.01,0,1,337,42,14154,0.0141754892904683,1.01839550483729
"RF",0.01,0,0.01,0,1,337,42,14154,0.0150803666844527,1.05039681307164
"min",0.01,0.01,0,0,1,337,42,14154,0.0116894119607024,1.19157856403813
"mean",0.01,0.01,0,0,1,337,42,14154,0.0882201102616397,3.27348343647353
"PPCA",0.01,0.01,0,0,1,337,42,14154,0.0882809266822445,3.27461156500604
"RF",0.01,0.01,0,0,1,337,42,14154,0.0894987368716427,3.29712037124633
"min",0.01,0,0,0.01,1,337,42,14154,0.183062719992588,6.39111080464912
"mean",0.01,0,0,0.01,1,337,42,14154,0.0390778091020176,2.95285074163406
"PPCA",0.01,0,0,0.01,1,337,42,14154,0.0389998083342097,2.94990226935074
"RF",0.01,0,0,0.01,1,337,42,14154,0.0402477794664797,2.99672819501671
"min",0.01,0.005,0.005,0,1,337,42,14154,0.0865372119315765,1.80429616865694
"mean",0.01,0.005,0.005,0,1,337,42,14154,0.0512779007379633,1.38890165725973
"PPCA",0.01,0.005,0.005,0,1,337,42,14154,0.0511041271714174,1.38654626422208
"RF",0.01,0.005,0.005,0,1,337,42,14154,0.0516947012031391,1.39453491498127
"min",0.01,0,0.005,0.005,1,337,42,14154,0.157727662978789,3.17294253133825
"mean",0.01,0,0.005,0.005,1,337,42,14154,0.0156735905564624,1.00021305936931
"PPCA",0.01,0,0.005,0.005,1,337,42,14154,0.0167756395726555,1.03477949747062
"RF",0.01,0,0.005,0.005,1,337,42,14154,0.0148286462124056,0.972879436233714
"min",0.01,0.005,0,0.005,1,337,42,14154,0.140923815810317,2.09147276224987
"mean",0.01,0.005,0,0.005,1,337,42,14154,0.0547019941210524,1.30305154418804
"PPCA",0.01,0.005,0,0.005,1,337,42,14154,0.0544144160596664,1.29962184435657
"RF",0.01,0.005,0,0.005,1,337,42,14154,0.0558359899406478,1.31648867098715
"min",0.01,0.00333333333333333,0.00333333333333333,0.00333333333333333,1,337,42,14154,0.143887238417165,3.0287423202601
"mean",0.01,0.00333333333333333,0.00333333333333333,0.00333333333333333,1,337,42,14154,0.0394702793413434,1.58630351753273
"PPCA",0.01,0.00333333333333333,0.00333333333333333,0.00333333333333333,1,337,42,14154,0.039659377504259,1.59009888794789
"RF",0.01,0.00333333333333333,0.00333333333333333,0.00333333333333333,1,337,42,14154,0.0397703330304881,1.59232165393676
"min",0.05,0,0.05,0,1,337,42,14154,0.141788187626314,3.07920493535908
"mean",0.05,0,0.05,0,1,337,42,14154,0.0150430983764234,1.00296832196371
"PPCA",0.05,0,0.05,0,1,337,42,14154,0.0162952763290335,1.04387725116075
"RF",0.05,0,0.05,0,1,337,42,14154,0.0155673122056042,1.02029412567701
"min",0.05,0.05,0,0,1,337,42,14154,0.00987565537112777,1.16204728987579
"mean",0.05,0.05,0,0,1,337,42,14154,0.0963654657449073,3.62995759381681
"PPCA",0.05,0.05,0,0,1,337,42,14154,0.0965578009033302,3.63357829156009
"RF",0.05,0.05,0,0,1,337,42,14154,0.0989193781379846,3.67774427315661
"min",0.05,0,0,0.05,1,337,42,14154,0.167312694055147,6.00251518022989
"mean",0.05,0,0,0.05,1,337,42,14154,0.0354123582460968,2.76150761701343
"PPCA",0.05,0,0,0.05,1,337,42,14154,0.0354611327374828,2.76340871580404
"RF",0.05,0,0,0.05,1,337,42,14154,0.0370172406751213,2.82338980535068
"min",0.05,0.025,0.025,0,1,337,42,14154,0.0796877026163509,1.79695246238797
"mean",0.05,0.025,0.025,0,1,337,42,14154,0.042262419329768,1.30863373712679
"PPCA",0.05,0.025,0.025,0,1,337,42,14154,0.0425034000645251,1.31235935508135
"RF",0.05,0.025,0.025,0,1,337,42,14154,0.0429206111019559,1.31878464962772
"min",0.05,0,0.025,0.025,1,337,42,14154,0.143749603132582,3.26081321523167
"mean",0.05,0,0.025,0.025,1,337,42,14154,0.0136979731163118,1.00658568533796
"PPCA",0.05,0,0.025,0.025,1,337,42,14154,0.0141405870521676,1.02271897832164
"RF",0.05,0,0.025,0.025,1,337,42,14154,0.0137285180165811,1.00770734538767
"min",0.05,0.025,0,0.025,1,337,42,14154,0.0997652597624737,1.81527931298235
"mean",0.05,0.025,0,0.025,1,337,42,14154,0.047415766885244,1.25145483094518
"PPCA",0.05,0.025,0,0.025,1,337,42,14154,0.0478377403340615,1.25701111570035
"RF",0.05,0.025,0,0.025,1,337,42,14154,0.0488565836524266,1.27032643943946
"min",0.05,0.0166666666666667,0.0166666666666667,0.0166666666666667,1,337,42,14154,0.0768141578701685,1.64561149491661
"mean",0.05,0.0166666666666667,0.0166666666666667,0.0166666666666667,1,337,42,14154,0.0517098243527566,1.35018477597032
"PPCA",0.05,0.0166666666666667,0.0166666666666667,0.0166666666666667,1,337,42,14154,0.0531839259350651,1.36929452597594
"RF",0.05,0.0166666666666667,0.0166666666666667,0.0166666666666667,1,337,42,14154,0.053253875905791,1.37019470997653
"min",0.01,0,0.01,0,1,337,49,16513,0.147658570179272,2.90750538923847
"mean",0.01,0,0.01,0,1,337,49,16513,0.0173021879559071,0.995271829410289
"PPCA",0.01,0,0.01,0,1,337,49,16513,0.0173146253894913,0.995629483701091
"RF",0.01,0,0.01,0,1,337,49,16513,0.0180150863180199,1.01556885278891
"min",0.01,0.01,0,0,1,337,49,16513,0.0099266879676342,1.22064284315502
"mean",0.01,0.01,0,0,1,337,49,16513,0.147216538378793,4.70072369692227
"PPCA",0.01,0.01,0,0,1,337,49,16513,0.149208953297255,4.73242637049962
"RF",0.01,0.01,0,0,1,337,49,16513,0.149436912486687,4.7360400556253
"min",0.01,0,0,0.01,1,337,49,16513,0.196067996581385,6.24823583446053
"mean",0.01,0,0,0.01,1,337,49,16513,0.0385785598044279,2.77157772967965
"PPCA",0.01,0,0,0.01,1,337,49,16513,0.0383740182604372,2.76422058348245
"RF",0.01,0,0,0.01,1,337,49,16513,0.0392849015368603,2.79683529824435
"min",0.01,0.005,0.005,0,1,337,49,16513,0.0875996767346572,1.75737154412128
"mean",0.01,0.005,0.005,0,1,337,49,16513,0.0546394749640356,1.38792371635506
"PPCA",0.01,0.005,0.005,0,1,337,49,16513,0.0549687337599961,1.39209926623233
"RF",0.01,0.005,0.005,0,1,337,49,16513,0.0563733048487431,1.40977266677553
"min",0.01,0,0.005,0.005,1,337,49,16513,0.150271275688358,2.96203562344046
"mean",0.01,0,0.005,0.005,1,337,49,16513,0.0168981152530131,0.993279391035453
"PPCA",0.01,0,0.005,0.005,1,337,49,16513,0.0184776194345789,1.03866452734593
"RF",0.01,0,0.005,0.005,1,337,49,16513,0.0172015173338516,1.00215678095788
"min",0.01,0.005,0,0.005,1,337,49,16513,0.156972041415657,2.14873183050774
"mean",0.01,0.005,0,0.005,1,337,49,16513,0.0578555464761163,1.30449844050251
"PPCA",0.01,0.005,0,0.005,1,337,49,16513,0.0581688363041063,1.30802562456185
"RF",0.01,0.005,0,0.005,1,337,49,16513,0.0599825291718777,1.32826109159255
"min",0.01,0.00333333333333333,0.00333333333333333,0.00333333333333333,1,337,49,16513,0.0870302313927342,1.88517325504934
"mean",0.01,0.00333333333333333,0.00333333333333333,0.00333333333333333,1,337,49,16513,0.0482983835987297,1.40437308941213
"PPCA",0.01,0.00333333333333333,0.00333333333333333,0.00333333333333333,1,337,49,16513,0.0488657467815696,1.41259762189326
"RF",0.01,0.00333333333333333,0.00333333333333333,0.00333333333333333,1,337,49,16513,0.0506349984954405,1.43794276963305
"min",0.05,0,0.05,0,1,337,49,16513,0.151700472481752,3.0691894213455
"mean",0.05,0,0.05,0,1,337,49,16513,0.0161682694783974,1.0019867888688
"PPCA",0.05,0,0.05,0,1,337,49,16513,0.0172167537990434,1.03396505341598
"RF",0.05,0,0.05,0,1,337,49,16513,0.0167935403451086,1.02117778133192
"min",0.05,0.05,0,0,1,337,49,16513,0.011618366481271,1.34595785243676
"mean",0.05,0.05,0,0,1,337,49,16513,0.107846696793886,4.10074107820764
"PPCA",0.05,0.05,0,0,1,337,49,16513,0.1086264984698,4.11553988607739
"RF",0.05,0.05,0,0,1,337,49,16513,0.110823460343569,4.15694978175763
"min",0.05,0,0,0.05,1,337,49,16513,0.198079795998452,6.24018770482321
"mean",0.05,0,0,0.05,1,337,49,16513,0.0386734671246914,2.75730061604676
"PPCA",0.05,0,0,0.05,1,337,49,16513,0.0387363320090659,2.75954074362267
"RF",0.05,0,0,0.05,1,337,49,16513,0.0405287845413478,2.82266509716578
"min",0.05,0.025,0.025,0,1,337,49,16513,0.0694936825748869,1.57198503922449
"mean",0.05,0.025,0.025,0,1,337,49,16513,0.0520712659116906,1.36073894093368
"PPCA",0.05,0.025,0.025,0,1,337,49,16513,0.0525019555318055,1.36635479521162
"RF",0.05,0.025,0.025,0,1,337,49,16513,0.0534298459204153,1.37837601147156
"min",0.05,0,0.025,0.025,1,337,49,16513,0.149864070020302,3.17234249693779
"mean",0.05,0,0.025,0.025,1,337,49,16513,0.0149100966418049,1.000625432044
"PPCA",0.05,0,0.025,0.025,1,337,49,16513,0.0160609779596366,1.03852582510249
"RF",0.05,0,0.025,0.025,1,337,49,16513,0.0154732634541157,1.01934751288728
"min",0.05,0.025,0,0.025,1,337,49,16513,0.0537032175462252,1.22175398895219
"mean",0.05,0.025,0,0.025,1,337,49,16513,0.0535958271427132,1.22053180601731
"PPCA",0.05,0.025,0,0.025,1,337,49,16513,0.0537323459561856,1.22208528126885
"RF",0.05,0.025,0,0.025,1,337,49,16513,0.0543009047345652,1.22853390096474
"min",0.05,0.0166666666666667,0.0166666666666667,0.0166666666666667,1,337,49,16513,0.0752932192519973,1.94343034981325
"mean",0.05,0.0166666666666667,0.0166666666666667,0.0166666666666667,1,337,49,16513,0.04248838898237,1.45991032378894
"PPCA",0.05,0.0166666666666667,0.0166666666666667,0.0166666666666667,1,337,49,16513,0.0431044348353308,1.47045597062261
"RF",0.05,0.0166666666666667,0.0166666666666667,0.0166666666666667,1,337,49,16513,0.0434348202574091,1.4760805641259
"min",0.01,0,0.01,0,1,561,31,17391,0.147549052602662,3.22281444382676
"mean",0.01,0,0.01,0,1,561,31,17391,0.0141825540865895,0.999181335619774
"PPCA",0.01,0,0.01,0,1,561,31,17391,0.0153554185918038,1.03967576035205
"RF",0.01,0,0.01,0,1,561,31,17391,0.0148249936541094,1.02156109933345
"min",0.01,0.01,0,0,1,561,31,17391,0.0103539100715712,1.1939422456139
"mean",0.01,0.01,0,0,1,561,31,17391,0.112999433143696,3.94429380406938
"PPCA",0.01,0.01,0,0,1,561,31,17391,0.113635250348746,3.95537497472139
"RF",0.01,0.01,0,0,1,561,31,17391,0.113842137953538,3.95897397207209
"min",0.01,0,0,0.01,1,561,31,17391,0.164926732457765,5.73978465450548
"mean",0.01,0,0,0.01,1,561,31,17391,0.0404481916853689,2.84249445811722
"PPCA",0.01,0,0,0.01,1,561,31,17391,0.0406384482845561,2.84917175136504
"RF",0.01,0,0,0.01,1,561,31,17391,0.0407595458353783,2.85341368336275
"min",0.01,0.005,0.005,0,1,561,31,17391,0.0681017316244848,1.47879064456811
"mean",0.01,0.005,0.005,0,1,561,31,17391,0.0755977179680422,1.55805204204715
"PPCA",0.01,0.005,0.005,0,1,561,31,17391,0.0768227819479372,1.57062545576561
"RF",0.01,0.005,0.005,0,1,561,31,17391,0.0755991923977321,1.55806723580597
"min",0.01,0,0.005,0.005,1,561,31,17391,0.158406400513398,3.22752762284874
"mean",0.01,0,0.005,0.005,1,561,31,17391,0.0154860853574522,1.00914699065385
"PPCA",0.01,0,0.005,0.005,1,561,31,17391,0.0159962880586665,1.02563589835168
"RF",0.01,0,0.005,0.005,1,561,31,17391,0.0158720630901942,1.02164566283059
"min",0.01,0.005,0,0.005,1,561,31,17391,0.12379495985108,2.15960378564905
"mean",0.01,0.005,0,0.005,1,561,31,17391,0.0511609484845942,1.38832739087468
"PPCA",0.01,0.005,0,0.005,1,561,31,17391,0.051186804785681,1.38867817089074
"RF",0.01,0.005,0,0.005,1,561,31,17391,0.0525480747411861,1.40702237210313
"min",0.01,0.00333333333333333,0.00333333333333333,0.00333333333333333,1,561,31,17391,0.141059631833869,2.29771546983117
"mean",0.01,0.00333333333333333,0.00333333333333333,0.00333333333333333,1,561,31,17391,0.0478628073576517,1.33842475122796
"PPCA",0.01,0.00333333333333333,0.00333333333333333,0.00333333333333333,1,561,31,17391,0.0483975884762475,1.34588123018637
"RF",0.01,0.00333333333333333,0.00333333333333333,0.00333333333333333,1,561,31,17391,0.0481949703491069,1.34306098687792
"min",0.05,0,0.05,0,1,561,31,17391,0.145012967429059,3.03135101218663
"mean",0.05,0,0.05,0,1,561,31,17391,0.0159702298612209,1.00597778808094
"PPCA",0.05,0,0.05,0,1,561,31,17391,0.0169012790634586,1.03488619683135
"RF",0.05,0,0.05,0,1,561,31,17391,0.0161313884306864,1.01104080197252
"min",0.05,0.05,0,0,1,561,31,17391,0.0112634358228844,1.1304693943763
"mean",0.05,0.05,0,0,1,561,31,17391,0.09272299224841,3.24352376048
"PPCA",0.05,0.05,0,0,1,561,31,17391,0.0929496682870743,3.24748599412848
"RF",0.05,0.05,0,0,1,561,31,17391,0.0946947239952859,3.27782871784082
"min",0.05,0,0,0.05,1,561,31,17391,0.203800950689693,6.39386357369698
"mean",0.05,0,0,0.05,1,561,31,17391,0.0381438547975096,2.76612978412044
"PPCA",0.05,0,0,0.05,1,561,31,17391,0.0381320086571052,2.76570021943024
"RF",0.05,0,0,0.05,1,561,31,17391,0.0390634907294078,2.79927642998686
"min",0.05,0.025,0.025,0,1,561,31,17391,0.073481857015982,1.50293459833953
"mean",0.05,0.025,0.025,0,1,561,31,17391,0.0583746676155453,1.3395601858092
"PPCA",0.05,0.025,0.025,0,1,561,31,17391,0.0594059355146018,1.35134095906658
"RF",0.05,0.025,0.025,0,1,561,31,17391,0.0592201520003405,1.34922624221418
"min",0.05,0,0.025,0.025,1,561,31,17391,0.152146276250438,3.11892782675401
"mean",0.05,0,0.025,0.025,1,561,31,17391,0.0156096421481576,0.999012988854843
"PPCA",0.05,0,0.025,0.025,1,561,31,17391,0.0171380131408495,1.04677874850283
"RF",0.05,0,0.025,0.025,1,561,31,17391,0.0165374465339724,1.02827407845207
"min",0.05,0.025,0,0.025,1,561,31,17391,0.0899639897579302,1.64933977837459
"mean",0.05,0.025,0,0.025,1,561,31,17391,0.0560465653089917,1.30181802670202
"PPCA",0.05,0.025,0,0.025,1,561,31,17391,0.0560841650723912,1.30225462654426
"RF",0.05,0.025,0,0.025,1,561,31,17391,0.0568473837160009,1.3110855188754
"min",0.05,0.0166666666666667,0.0166666666666667,0.0166666666666667,1,561,31,17391,0.0855157480597451,1.70359087055912
"mean",0.05,0.0166666666666667,0.0166666666666667,0.0166666666666667,1,561,31,17391,0.0504162081083936,1.30805903152133
"PPCA",0.05,0.0166666666666667,0.0166666666666667,0.0166666666666667,1,561,31,17391,0.0512529770120556,1.31886943230106
"RF",0.05,0.0166666666666667,0.0166666666666667,0.0166666666666667,1,561,31,17391,0.0512039217824201,1.31823812330357
"min",0.01,0,0.01,0,1,561,42,23562,0.154606931989,3.02043944472631
"mean",0.01,0,0.01,0,1,561,42,23562,0.0169059304071829,0.998792311479353
"PPCA",0.01,0,0.01,0,1,561,42,23562,0.0177663041758089,1.02389211572696
"RF",0.01,0,0.01,0,1,561,42,23562,0.0167012610381167,0.992728029200541
"min",0.01,0.01,0,0,1,561,42,23562,0.0114853083255134,1.18614146537417
"mean",0.01,0.01,0,0,1,561,42,23562,0.10763614022252,3.63115022877325
"PPCA",0.01,0.01,0,0,1,561,42,23562,0.108340200721703,3.64300675941041
"RF",0.01,0.01,0,0,1,561,42,23562,0.109842603528541,3.66817940504146
"min",0.01,0,0,0.01,1,561,42,23562,0.1502137420117,5.80262557481391
"mean",0.01,0,0,0.01,1,561,42,23562,0.0371802438999308,2.8868607275321
"PPCA",0.01,0,0,0.01,1,561,42,23562,0.0371177136615466,2.8844321252285
"RF",0.01,0,0,0.01,1,561,42,23562,0.0379311715631291,2.91586789177267
"min",0.01,0.005,0.005,0,1,561,42,23562,0.102037551055182,1.7671046199907
"mean",0.01,0.005,0.005,0,1,561,42,23562,0.0581868146641669,1.33442613920506
"PPCA",0.01,0.005,0.005,0,1,561,42,23562,0.0592690401904017,1.34677856626965
"RF",0.01,0.005,0.005,0,1,561,42,23562,0.0588010978002173,1.34145147107767
"min",0.01,0,0.005,0.005,1,561,42,23562,0.154858777174069,4.23174344174425
"mean",0.01,0,0.005,0.005,1,561,42,23562,0.0284815832903246,1.81481968385455
"PPCA",0.01,0,0.005,0.005,1,561,42,23562,0.0285955901548611,1.81844826139795
"RF",0.01,0,0.005,0.005,1,561,42,23562,0.0293490641985007,1.84224991917706
"min",0.01,0.005,0,0.005,1,561,42,23562,0.124545313749181,1.92265139320427
"mean",0.01,0.005,0,0.005,1,561,42,23562,0.0575650255370791,1.30712223485023
"PPCA",0.01,0.005,0,0.005,1,561,42,23562,0.0574521281897827,1.30583983241078
"RF",0.01,0.005,0,0.005,1,561,42,23562,0.0576866413921473,1.30850226477555
"min",0.01,0.00333333333333333,0.00333333333333333,0.00333333333333333,1,561,42,23562,0.128361126681389,2.39970593007718
"mean",0.01,0.00333333333333333,0.00333333333333333,0.00333333333333333,1,561,42,23562,0.0433923641713404,1.39523679486611
"PPCA",0.01,0.00333333333333333,0.00333333333333333,0.00333333333333333,1,561,42,23562,0.0436357241958102,1.39914382004029
"RF",0.01,0.00333333333333333,0.00333333333333333,0.00333333333333333,1,561,42,23562,0.044192619204142,1.40804370573469
"min",0.05,0,0.05,0,1,561,42,23562,0.161799860491355,3.21574161384503
"mean",0.05,0,0.05,0,1,561,42,23562,0.0158644166900205,1.00694124108213
"PPCA",0.05,0,0.05,0,1,561,42,23562,0.0167435055967043,1.03446373467858
"RF",0.05,0,0.05,0,1,561,42,23562,0.0160170732712255,1.01177432736324
"min",0.05,0.05,0,0,1,561,42,23562,0.0117203214034388,1.16542003386715
"mean",0.05,0.05,0,0,1,561,42,23562,0.101370271515197,3.427425500538
"PPCA",0.05,0.05,0,0,1,561,42,23562,0.101991744450142,3.43791574305809
"RF",0.05,0.05,0,0,1,561,42,23562,0.103257029729196,3.45917499375199
"min",0.05,0,0,0.05,1,561,42,23562,0.208370638298513,6.33174325485987
"mean",0.05,0,0,0.05,1,561,42,23562,0.0396691724312923,2.7626865003695
"PPCA",0.05,0,0,0.05,1,561,42,23562,0.0396630304966083,2.76247262022225
"RF",0.05,0,0,0.05,1,561,42,23562,0.0420224114009504,2.84344950594376
"min",0.05,0.025,0.025,0,1,561,42,23562,0.0821981916791025,1.72549915606388
"mean",0.05,0.025,0.025,0,1,561,42,23562,0.0496631577712681,1.34122235852489
"PPCA",0.05,0.025,0.025,0,1,561,42,23562,0.0511153283692232,1.36069001251324
"RF",0.05,0.025,0.025,0,1,561,42,23562,0.0508554713803795,1.35722690907799
"min",0.05,0,0.025,0.025,1,561,42,23562,0.156234118851225,3.26986860943043
"mean",0.05,0,0.025,0.025,1,561,42,23562,0.0146672410067579,1.0018820022151
"PPCA",0.05,0,0.025,0.025,1,561,42,23562,0.0160694387633776,1.04867934806475
"RF",0.05,0,0.025,0.025,1,561,42,23562,0.0154783124396388,1.02921039844159
"min",0.05,0.025,0,0.025,1,561,42,23562,0.0884402663845153,1.76696750601188
"mean",0.05,0.025,0,0.025,1,561,42,23562,0.0520745793755957,1.35586492906236
"PPCA",0.05,0.025,0,0.025,1,561,42,23562,0.0520988836619417,1.3561812972959
"RF",0.05,0.025,0,0.025,1,561,42,23562,0.0531025998477691,1.36918279793194
"min",0.05,0.0166666666666667,0.0166666666666667,0.0166666666666667,1,561,42,23562,0.0819812730230859,1.83946275577898
"mean",0.05,0.0166666666666667,0.0166666666666667,0.0166666666666667,1,561,42,23562,0.0476334415275774,1.40213441890745
"PPCA",0.05,0.0166666666666667,0.0166666666666667,0.0166666666666667,1,561,42,23562,0.0481585648354025,1.40984197978835
"RF",0.05,0.0166666666666667,0.0166666666666667,0.0166666666666667,1,561,42,23562,0.0488437299565515,1.41983566402416
"min",0.01,0,0.01,0,1,561,49,27489,0.163792550481646,3.22453338814263
"mean",0.01,0,0.01,0,1,561,49,27489,0.0159169810335626,1.00519461833644
"PPCA",0.01,0,0.01,0,1,561,49,27489,0.0163995822102156,1.02031952513523
"RF",0.01,0,0.01,0,1,561,49,27489,0.0160611878565873,1.00973785044244
"min",0.01,0.01,0,0,1,561,49,27489,0.0117739188369089,1.17028423296328
"mean",0.01,0.01,0,0,1,561,49,27489,0.117767222733557,3.70120424607143
"PPCA",0.01,0.01,0,0,1,561,49,27489,0.118681799357596,3.71554817039319
"RF",0.01,0.01,0,0,1,561,49,27489,0.118769531191144,3.71692121847849
"min",0.01,0,0,0.01,1,561,49,27489,0.133584328762115,5.30499257638541
"mean",0.01,0,0,0.01,1,561,49,27489,0.0342873321456389,2.68765717593251
"PPCA",0.01,0,0,0.01,1,561,49,27489,0.0342751281792638,2.6871788214657
"RF",0.01,0,0,0.01,1,561,49,27489,0.034423277241982,2.6929800217389
"min",0.01,0.005,0.005,0,1,561,49,27489,0.0831885127223744,1.54858928101864
"mean",0.01,0.005,0.005,0,1,561,49,27489,0.0720203574848825,1.44089457183399
"PPCA",0.01,0.005,0.005,0,1,561,49,27489,0.0716611686795474,1.43729697711603
"RF",0.01,0.005,0.005,0,1,561,49,27489,0.0723976188967018,1.4446635333203
"min",0.01,0,0.005,0.005,1,561,49,27489,0.192566464186131,4.80535935528886
"mean",0.01,0,0.005,0.005,1,561,49,27489,0.0307564483125536,1.92045278322524
"PPCA",0.01,0,0.005,0.005,1,561,49,27489,0.031037484225911,1.92920686445335
"RF",0.01,0,0.005,0.005,1,561,49,27489,0.0317378005914719,1.95085035141566
"min",0.01,0.005,0,0.005,1,561,49,27489,0.118632281341097,1.9702525322582
"mean",0.01,0.005,0,0.005,1,561,49,27489,0.053254306020618,1.32007260407023
"PPCA",0.01,0.005,0,0.005,1,561,49,27489,0.0528570933861064,1.31514031809481
"RF",0.01,0.005,0,0.005,1,561,49,27489,0.0534612595148502,1.32263510798765
"min",0.01,0.00333333333333333,0.00333333333333333,0.00333333333333333,1,561,49,27489,0.184686860158231,2.56539590850673
"mean",0.01,0.00333333333333333,0.00333333333333333,0.00333333333333333,1,561,49,27489,0.0488592311489912,1.31950096776308
"PPCA",0.01,0.00333333333333333,0.00333333333333333,0.00333333333333333,1,561,49,27489,0.0494741217573983,1.32777792973148
"RF",0.01,0.00333333333333333,0.00333333333333333,0.00333333333333333,1,561,49,27489,0.0502152668597234,1.33768632169347
"min",0.05,0,0.05,0,1,561,49,27489,0.161126396186685,3.38642395952311
"mean",0.05,0,0.05,0,1,561,49,27489,0.0141453688571446,1.00337925969129
"PPCA",0.05,0,0.05,0,1,561,49,27489,0.015112397155853,1.03710961491068
"RF",0.05,0,0.05,0,1,561,49,27489,0.0146561093257839,1.02133291730151
"min",0.05,0.05,0,0,1,561,49,27489,0.0101772658225092,1.13958679002811
"mean",0.05,0.05,0,0,1,561,49,27489,0.107367538271301,3.7014198109825
"PPCA",0.05,0.05,0,0,1,561,49,27489,0.108284679463055,3.7171950906185
"RF",0.05,0.05,0,0,1,561,49,27489,0.109515979672969,3.73826938018558
"min",0.05,0,0,0.05,1,561,49,27489,0.195432207669447,6.69925247364498
"mean",0.05,0,0,0.05,1,561,49,27489,0.0375302163281858,2.93574824654164
"PPCA",0.05,0,0,0.05,1,561,49,27489,0.0375771547982267,2.93758352069636
"RF",0.05,0,0,0.05,1,561,49,27489,0.0392252209775325,3.00131083263036
"min",0.05,0.025,0.025,0,1,561,49,27489,0.0787808395411817,1.76815717210726
"mean",0.05,0.025,0.025,0,1,561,49,27489,0.0469849441964018,1.36549439671275
"PPCA",0.05,0.025,0.025,0,1,561,49,27489,0.0473174131067127,1.3703170496284
"RF",0.05,0.025,0.025,0,1,561,49,27489,0.0482449861657867,1.38368316746106
"min",0.05,0,0.025,0.025,1,561,49,27489,0.157761881416038,3.0680059054958
"mean",0.05,0,0.025,0.025,1,561,49,27489,0.0167204365764414,0.998800978648638
"PPCA",0.05,0,0.025,0.025,1,561,49,27489,0.01724873834465,1.01445741266199
"RF",0.05,0,0.025,0.025,1,561,49,27489,0.0169991118659571,1.00708996546501
"min",0.05,0.025,0,0.025,1,561,49,27489,0.106413798374315,1.98146325774753
"mean",0.05,0.025,0,0.025,1,561,49,27489,0.0513427135952833,1.37634230853479
"PPCA",0.05,0.025,0,0.025,1,561,49,27489,0.0512429244956168,1.37500413657093
"RF",0.05,0.025,0,0.025,1,561,49,27489,0.0524454475166845,1.39104426076228
"min",0.05,0.0166666666666667,0.0166666666666667,0.0166666666666667,1,561,49,27489,0.0855282396279591,1.82559040745254
"mean",0.05,0.0166666666666667,0.0166666666666667,0.0166666666666667,1,561,49,27489,0.0492257048086987,1.38498334207548
"PPCA",0.05,0.0166666666666667,0.0166666666666667,0.0166666666666667,1,561,49,27489,0.0495119571539588,1.38900441242073
"RF",0.05,0.0166666666666667,0.0166666666666667,0.0166666666666667,1,561,49,27489,0.0505241131531667,1.40313005718499
